volume,family_name,genus_name,genus_label,genus_index_parsed,species_scientific_name,accepted_name,thailand,distribution,ecology,family_url,genus_url,species_url,scraped_at,specific_name,wfo_id,wfo_full_name,wfo_source
2,Rhizophoraceae,2 Bruguiera,Bruguiera,2.0,Bruguiera gymnorhiza (L.) Savigny,This is currently accepted.,"SOUTH-EASTERN: Chanthaburi, Trat; PENINSULAR: Satun (Khlong Che Samat), Trang, Surat Thani, Chumphon.","In the Old World tropics, from S & E Africa through Asia (type from Malabar) and Malesia to N Australia, Micronesia, and Polynesia.",Mangrove forests.,https://botany.dnp.go.th/eflora/florafamily.html?factsheet=Rhizophoraceae&volumeno=2,https://botany.dnp.go.th/eflora/floragenus.html?factsheet=Bruguiera&tdcode=00011,https://botany.dnp.go.th/eflora/floraspecies.html?tdcode=00012,2025-10-19T18:18:33.101996+00:00,Bruguiera gymnorhiza (L.) Savigny,wfo-0000572747,Bruguiera gymnorhiza (L.) Lam. ex Savigny,candidates_unique
2,Rhizophoraceae,3 Ceriops,Ceriops,3.0,Ceriops decandra (Griff.) Ding Hou,This is currently accepted.,"SOUTH-EASTERN: Chon Buri (Si Racha), Chathaburi; PENINSULAR: Krabi, Phuket, Satun, Surat Thani, Chumphon.","India (type), Burma, Cambodia, S Vietnam, Malesia.",Mangrove forests.,https://botany.dnp.go.th/eflora/florafamily.html?factsheet=Rhizophoraceae&volumeno=2,https://botany.dnp.go.th/eflora/floragenus.html?factsheet=Ceriops&tdcode=00017,https://botany.dnp.go.th/eflora/floraspecies.html?tdcode=00019,2025-10-19T18:19:14.152028+00:00,Ceriops decandra (Griff.) Ding Hou,wfo-0000597936,Ceriops decandra (Griff.) W.Theob.,candidates_unique
2,Connaraceae,4 Rourea (in part),Rourea (in part),4.0,Rourea sp.,This is currently accepted.,SOUTH-EASTERN: Chanthaburi.,,Evergreen forests. Fruiting April–June.,https://botany.dnp.go.th/eflora/florafamily.html?factsheet=Connaraceae&volumeno=2,https://botany.dnp.go.th/eflora/floragenus.html?factsheet=Rourea&tdcode=00230,https://botany.dnp.go.th/eflora/floraspecies.html?tdcode=00234,2025-10-19T18:36:30.322756+00:00,Rourea sp.,wfo-4000033545,Rourea Aubl.,candidates_unique
2,Connaraceae,6 Connarus,Connarus,6.0,Connarus monocarpus L.,This is currently accepted.,e-Flora of Thailand,,,https://botany.dnp.go.th/eflora/florafamily.html?factsheet=Connaraceae&volumeno=2,https://botany.dnp.go.th/eflora/floragenus.html?factsheet=Connarus&tdcode=00239,https://botany.dnp.go.th/eflora/floraspecies.html?tdcode=00244,2025-10-19T18:37:53.618260+00:00,Connarus monocarpus L.,wfo-0000618164,Connarus monocarpus Wight & Arn.,candidates_unique
2,Apostasiaceae,1 Neuwiedia,Neuwiedia,1.0,Neuwiedia zollingeri Reichb.f.,This is currently accepted.,e-Flora of Thailand,,,https://botany.dnp.go.th/eflora/florafamily.html?factsheet=Apostasiaceae&volumeno=2,https://botany.dnp.go.th/eflora/floragenus.html?factsheet=Neuwiedia&tdcode=00248,https://botany.dnp.go.th/eflora/floraSpecies.html?tdcode=00250,2025-10-19T18:38:43.553646+00:00,Neuwiedia zollingeri Reichb.f.,wfo-0000251829,Neuwiedia zollingeri Rchb.f.,candidates_unique
2,Smilacaceae,1 Smilax,Smilax,1.0,Smilax extensa A.DC.,This is currently accepted.,"SOUTH-EASTERN: Rayong, Trat.",Malay Peninsula (type from Penang).,"Tropical evergreen forests, 50–1,000 m alt.",https://botany.dnp.go.th/eflora/florafamily.html?factsheet=Smilacaceae&volumeno=2,https://botany.dnp.go.th/eflora/floragenus.html?factsheet=Smilax&tdcode=00381,https://botany.dnp.go.th/eflora/floraspecies.html?tdcode=00394,2025-10-19T18:51:31.587955+00:00,Smilax extensa A.DC.,wfo-0000742581,Smilax extensa Wall. ex Hook.f.,candidates_unique
2,Casuarinaceae,Casuarina,Casuarina,,Casuarina equisetifolia L. ex J.R.Forst. & G.Forst.,This is currently accepted.,"SOUTH-WESTERN: Prachuap Khiri Khan, Phetchaburi; PENINSULAR: Phangnga, Phuket, Songkhla, Narathiwat.","India, Burma, Vietnam, throughout Malesia, Java, Australia and Polynesia.","Along seashores on sandy beaches, from the sea level up to 30 m alt. in Thailand, cultivated up to 1,100–1,300 m alt. Flowering and fruiting: January–March.",https://botany.dnp.go.th/eflora/florafamily.html?factsheet=Casuarinaceae&volumeno=2,https://botany.dnp.go.th/eflora/floragenus.html?factsheet=Casuarina&tdcode=00555,https://botany.dnp.go.th/eflora/floraspecies.html?tdcode=00556,2025-10-19T19:05:29.962440+00:00,Casuarina equisetifolia L. ex J.R.Forst. & G.Forst.,wfo-0000590663,Casuarina equisetifolia L.,candidates_unique
3,Vittariaceae,3 Vaginularia,Vaginularia,3.0,Vaginularia paradoxa (Fée) Mett.,This is currently accepted.,PENINSULAR: Nakhon Si Thammarat (Khao Luang).,"Ceylon, throughout Malesia to Melanesia.",On trunks of old trees in dense evergreen forests at medium altitudes.,https://botany.dnp.go.th/eflora/florafamily.html?factsheet=Vittariaceae&volumeno=3,https://botany.dnp.go.th/eflora/floragenus.html?factsheet=Vaginularia&tdcode=F0333,https://botany.dnp.go.th/eflora/floraspecies.html?tdcode=F0334,2025-10-19T19:39:26.664731+00:00,Vaginularia paradoxa (Fée) Mett.,wfo-0001126896,Vaginularia paradoxa (Fée) Miq.,candidates_unique
3,Athyriaceae,7 Diplazium,Diplazium,7.0,Diplazium subserratum Blume,This is currently accepted.,PENINSULAR: Satun (Khao Khieo range).,"Sumatra, Malaya, Borneo, Java (type).",On moist mountain slopes by streams in evergreen jungle at about 700 m alt.,https://botany.dnp.go.th/eflora/florafamily.html?factsheet=Athyriaceae&volumeno=3,https://botany.dnp.go.th/eflora/floragenus.html?factsheet=Diplazium&tdcode=F0621,https://botany.dnp.go.th/eflora/floraspecies.html?tdcode=F0624,2025-10-19T20:00:46.757217+00:00,Diplazium subserratum Blume,wfo-0000154715,Diplazium subserratum T.Moore,candidates_unique
3,Polypodiaceae,1 Platycerium,Platycerium,1.0,Platycerium coronarium (J.Koenig ex O.F.Müll.) Desv.,This is currently accepted.,"NORTH-EASTERN: Nong Khai (Khong Kao); SOUTH-EASTERN: Chon Buri (Si Racha), Trat (Ko Chang); PENINSULAR: Phuket (Khao Phara), Krabi, Trang (Khao Chong), Satun (Tarutao), Yala (Bannang Sata).","Burma (Tenasserim), Vietnam, Cambodia, N & W Malesia.","Epiphytic on trunk of larger trees in open places at low altitudes, rather common.",https://botany.dnp.go.th/eflora/florafamily.html?factsheet=Polypodiaceae&volumeno=3,https://botany.dnp.go.th/eflora/floragenus.html?factsheet=Platycerium&tdcode=F0658,https://botany.dnp.go.th/eflora/floraspecies.html?tdcode=F0661,2025-10-19T20:04:05.306297+00:00,Platycerium coronarium (J.Koenig ex O.F.Müll.) Desv.,wfo-0001224687,Platycerium coronarium (Konig) Desv.,candidates_unique
4,Leguminosae-Caesalpinioideae,1 Bauhinia,Bauhinia,1.0,Bauhinia viridescens Dasv.,This is currently accepted.,e-Flora of Thailand,,,https://botany.dnp.go.th/eflora/florafamily.html?factsheet=Leguminosae-Caesalpinioideae&volumeno=4,https://botany.dnp.go.th/eflora/floragenus.html?factsheet=Bauhinia&tdcode=00624,https://botany.dnp.go.th/eflora/floraspecies.html?tdcode=00638,2025-10-19T20:18:09.483610+00:00,Bauhinia viridescens Dasv.,wfo-0000196990,Bauhinia viridescens Desv.,candidates_unique
4,Leguminosae-Mimosoideae,5 Xylia,Xylia,5.0,Xylia xylocarpa (Roxb.) Taub.,This is currently accepted.,e-Flora of Thailand,,,https://botany.dnp.go.th/eflora/florafamily.html?factsheet=Leguminosae-Mimosoideae&volumeno=4,https://botany.dnp.go.th/eflora/floragenus.html?factsheet=Xylia&tdcode=00797,https://botany.dnp.go.th/eflora/floraSpecies.html?tdcode=00798,2025-10-19T20:28:45.528195+00:00,Xylia xylocarpa (Roxb.) Taub.,wfo-0000172302,Xylia xylocarpa (Roxb.) W.Theob.,candidates_unique
4,Leguminosae-Mimosoideae,8 Acacia,Acacia,8.0,Acacia sp.,This is currently accepted.,"NORTH-EASTERN: Khon Kaen (Sorensen, Larsen & Hansen 2205 -C).",,,https://botany.dnp.go.th/eflora/florafamily.html?factsheet=Leguminosae-Mimosoideae&volumeno=4,https://botany.dnp.go.th/eflora/floragenus.html?factsheet=Acacia&tdcode=00808,https://botany.dnp.go.th/eflora/floraspecies.html?tdcode=00832,2025-10-19T20:30:04.155251+00:00,Acacia sp.,wfo-4000000074,Acacia Mill.,candidates_unique
4,Leguminosae-Papilionoideae,Rhynchosia,Rhynchosia,,Rhynchosia sp.,This is currently accepted.,NORTHERN: Chiang Mai (Doi Suthep).,Endemic.,"Evergreen forest; ca 1,100 m alt.",https://botany.dnp.go.th/eflora/florafamily.html?factsheet=Leguminosae-Papilionoideae&volumeno=4,https://botany.dnp.go.th/eflora/floragenus.html?factsheet=Rhynchosia&tdcode=09203,https://botany.dnp.go.th/eflora/floraspecies.html?tdcode=09214,2025-10-19T21:07:07.083435+00:00,Rhynchosia sp.,wfo-4000033144,Rhynchosia Lour.,candidates_unique
5,Aristolochiaceae,1 Aristolochia,Aristolochia,1.0,Aristolochia cf. saccata Wall.,This is currently accepted.,NORTHERN: Mae Hong Son (Pang Mapha).,"India, Nepal (type), Bangladesh.","In evergreen forests on black soil over limestone, at 800 m alt.",https://botany.dnp.go.th/eflora/florafamily.html?factsheet=Aristolochiaceae&volumeno=5,https://botany.dnp.go.th/eflora/floragenus.html?factsheet=Aristolochia&tdcode=00895,https://botany.dnp.go.th/eflora/floraspecies.html?tdcode=00908,2025-10-19T21:15:54.227969+00:00,Aristolochia cf. saccata Wall.,wfo-4000003062,Aristolochia L.,candidates_unique
5,Gentianaceae,5 Gentiana,Gentiana,5.0,Gentiana sp.,This is currently accepted.,NORTHERN: Chiang Mai (Doi Chiang Dao – Kerr s.n. [4.6.1921] -BM).,,"Open grassy ground, at 2,000 m alt.",https://botany.dnp.go.th/eflora/florafamily.html?factsheet=Gentianaceae&volumeno=5,https://botany.dnp.go.th/eflora/floragenus.html?factsheet=Gentiana&tdcode=00999,https://botany.dnp.go.th/eflora/floraspecies.html?tdcode=01004,2025-10-19T21:22:02.025068+00:00,Gentiana sp.,wfo-4000015502,Gentiana Tourn. ex L.,candidates_unique
5,Capparaceae,1 Capparis,Capparis,1.0,Capparis sp.,This is currently accepted.,e-Flora of Thailand,,,https://botany.dnp.go.th/eflora/florafamily.html?factsheet=Capparaceae&volumeno=5,https://botany.dnp.go.th/eflora/floragenus.html?factsheet=Capparis&tdcode=01347,https://botany.dnp.go.th/eflora/floraSpecies.html?tdcode=01373,2025-10-19T21:43:47.658403+00:00,Capparis sp.,wfo-4000006606,Capparis Tourn. ex L.,candidates_unique
5,Capparaceae,2 Stixis,Stixis,2.0,Stixis obtusifolia (Hook.f. & Thomson) Pierre,This is currently accepted.,"NORTHERN: Sukhothai; CENTRAL: Ang Thong, Suphan Buri.","Burma (type), Indochina.",Along river banks. Flowering: December–March; fruiting: in December,https://botany.dnp.go.th/eflora/florafamily.html?factsheet=Capparaceae&volumeno=5,https://botany.dnp.go.th/eflora/floragenus.html?factsheet=Stixis&tdcode=01374,https://botany.dnp.go.th/eflora/floraspecies.html?tdcode=01376,2025-10-19T21:44:11.334135+00:00,Stixis obtusifolia (Hook.f. & Thomson) Pierre,wfo-0000439274,Stixis obtusifolia (Hook.f. & Thomson) Baill.,candidates_unique
5,Malpighiaceae,3 Aspidopterys,Aspidopterys,3.0,Aspidopterys sp.,This is currently accepted.,"NORTHERN: Chiang Mai (DOi Chiang Dao – Smitinand & Andersson 7247 -BKF. This specimen is closely related to Aspidopterys thorelii Dop. It can be distinguished by the hairy calyx-lobes and mcricarps, but the specimen is rather inadequate and complete material is needed.",,,https://botany.dnp.go.th/eflora/florafamily.html?factsheet=Malpighiaceae&volumeno=5,https://botany.dnp.go.th/eflora/floragenus.html?factsheet=Aspidopterys&tdcode=01405,https://botany.dnp.go.th/eflora/floraspecies.html?tdcode=01411,2025-10-19T21:46:50.755750+00:00,Aspidopterys sp.,wfo-4000003330,Aspidopterys Juss. ex S.L.Endlicher,candidates_unique
5,Umbelliferae,Peucedanum,Peucedanum,,Peucedanum sp.,This is currently accepted.,NORTHERN: Chiang Mai (Doi Chiang Dao).,,"Dense evergreen forests, clay soil under limestone cliff, 1,100–2,175 m alt.",https://botany.dnp.go.th/eflora/florafamily.html?factsheet=Umbelliferae&volumeno=5,https://botany.dnp.go.th/eflora/floragenus.html?factsheet=Peucedanum&tdcode=01336,https://botany.dnp.go.th/eflora/floraSpecies.html?tdcode=01339,2025-10-19T22:05:03.623520+00:00,Peucedanum sp.,wfo-4000029000,Peucedanum L.,candidates_unique
6,Tiliaceae,4 Microcos,Microcos,4.0,Microcos tomentosa Smith,This is currently accepted.,All over the country.,"India, S China, Vietnam, Laos, Cambodia, Malay Peninsula (type), Indonesia, the Philippines.","In moist upper mixed deciduous and evergreen forests, 50–300 m alt. Flowering and fruiting: May–September.",https://botany.dnp.go.th/eflora/florafamily.html?factsheet=Tiliaceae&volumeno=6,https://botany.dnp.go.th/eflora/floragenus.html?factsheet=Microcos&tdcode=01531,https://botany.dnp.go.th/eflora/floraspecies.html?tdcode=01534,2025-10-19T22:09:08.608034+00:00,Microcos tomentosa Smith,wfo-0000451671,Microcos tomentosa Sm.,candidates_unique
6,Loganiaceae,5 Mitrasacme,Mitrasacme,5.0,Mitrasacme erophila Leenhouts,This is currently accepted.,e-Flora of Thailand,,,https://botany.dnp.go.th/eflora/florafamily.html?factsheet=Loganiaceae&volumeno=6,https://botany.dnp.go.th/eflora/floragenus.html?factsheet=Mitrasacme&tdcode=01776,https://botany.dnp.go.th/eflora/floraspecies.html?tdcode=01779,2025-10-19T22:23:52.348037+00:00,Mitrasacme erophila Leenhouts,wfo-0000377976,Mitrasacme erophila Leenh.,candidates_unique
6,Cyperaceae,11 Eleocharis,Eleocharis,11.0,Eleocharis dulcis (Burm.f.) Hensch.,This is currently accepted.,e-Flora of Thailand,,,https://botany.dnp.go.th/eflora/florafamily.html?factsheet=Cyperaceae&volumeno=6,https://botany.dnp.go.th/eflora/floragenus.html?factsheet=Eleocharis&tdcode=01847,https://botany.dnp.go.th/eflora/floraspecies.html?tdcode=01852,2025-10-19T22:43:01.160854+00:00,Eleocharis dulcis (Burm.f.) Hensch.,wfo-0000403815,Eleocharis dulcis (Burm.f.) Trin. ex Hensch.,candidates_unique
7,Apocynaceae,41. Urceola,Urceola,41.0,Urceola napeensis (Quint.) D.J.Middleton,This is currently accepted.,EASTERN: Si Sa Ket; SOUTH-WESTERN: Kanchanaburi.,"S China, Vietnam (type).",In forests to 800 m alt.,https://botany.dnp.go.th/eflora/florafamily.html?factsheet=Apocynaceae&volumeno=7,https://botany.dnp.go.th/eflora/floragenus.html?factsheet=Urceola&tdcode=02282,https://botany.dnp.go.th/eflora/floraspecies.html?tdcode=02287,2025-10-19T23:01:34.972132+00:00,Urceola napeensis (Quint.) D.J.Middleton,wfo-0000330499,Urceola napeensis (Quintaret) D.J.Middleton,candidates_unique
7,Apocynaceae,8. Tabernaemontana,Tabernaemontana,8.0,Tabernaemontana pandacaqui Poir.,This is currently accepted.,"NORTH-EASTERN: Loei, Khon Kaen; SOUTH-WESTERN: Phetchaburi; CENTRAL: Phra Nakhon Si Ayutthaya, Krung Thep Maha Nakhon (Bangkok); PENINSULAR: Nakhon Si Thammarat, Trang, Songkhla, Yala.","China, Taiwan, the Philippines (type from Luzon), Malaysia, Indonesia, Papua New Guinea, Australia, Pacific Islands.","In forests, frequently on limestone to 850 m alt.",https://botany.dnp.go.th/eflora/florafamily.html?factsheet=Apocynaceae&volumeno=7,https://botany.dnp.go.th/eflora/floragenus.html?factsheet=Tabernaemontana&tdcode=02147,https://botany.dnp.go.th/eflora/floraspecies.html?tdcode=02153,2025-10-19T23:04:21.862072+00:00,Tabernaemontana pandacaqui Poir.,wfo-0000320039,Tabernaemontana pandacaqui Lam.,candidates_unique
7,Apocynaceae,15. Kopsia,Kopsia,15.0,Kopsia fruticosa (Ker) A.DC.,This is currently accepted.,"SOUTH-WESTERN: Prachuap Khiri Khan; CENTRAL: Krung Thep Maha Nakhon (Bangkok); PENINSULAR: Phangnga, Krabi, Satun, Narathiwat.","Burma (type), China, Malaysia, Indonesia. Cultivated elsewhere.","In evergreen or secondary forests, often on limestone, to 500 m alt. Also frequently cultivated.",https://botany.dnp.go.th/eflora/florafamily.html?factsheet=Apocynaceae&volumeno=7,https://botany.dnp.go.th/eflora/floragenus.html?factsheet=Kopsia&tdcode=02183,https://botany.dnp.go.th/eflora/floraspecies.html?tdcode=02186,2025-10-19T23:05:45.071346+00:00,Kopsia fruticosa (Ker) A.DC.,wfo-0000221361,Kopsia fruticosa (Roxb.) A.DC.,candidates_unique
7,Oleaceae,8. Jasminum,Jasminum,8.0,Jasminum dispermum Wall,This is currently accepted.,e-Flora of Thailand,,,https://botany.dnp.go.th/eflora/florafamily.html?factsheet=Oleaceae&volumeno=7,https://botany.dnp.go.th/eflora/floragenus.html?factsheet=Jasminum&tdcode=02456,https://botany.dnp.go.th/eflora/floraSpecies.html?tdcode=02457,2025-10-19T23:17:56.506278+00:00,Jasminum dispermum Wall,wfo-0000814083,Jasminum dispermum Wall.,candidates_unique
7,Alismataceae,3. Sagittaria,Sagittaria,3.0,Sagittaria guayanensis Humb.,This is currently accepted.,e-Flora of Thailand,,,https://botany.dnp.go.th/eflora/florafamily.html?factsheet=Alismataceae&volumeno=7,https://botany.dnp.go.th/eflora/floragenus.html?factsheet=Sagittaria&tdcode=02516,https://botany.dnp.go.th/eflora/floraspecies.html?tdcode=02517,2025-10-19T23:23:51.707894+00:00,Sagittaria guayanensis Humb.,wfo-0000736977,Sagittaria guayanensis Kunth,candidates_unique
7,Cymodoceaceae,1. Cymodocea,Cymodocea,1.0,"Cymodocea rotundata Ehrenb. & Hempr, ex Asch.",This is currently accepted.,"PENINSULAR: Phangnga, Phuket, Krabi.",As the genus.,"Marine waters below low water mark so that the plants are exposed only during spring ebbs. The species is found especially in sand spots of coral reefs but occasionally forms large mats on muddy flats. It also can tolerate lower salinities; consequently, it occasionally is found in some estuaries.",https://botany.dnp.go.th/eflora/florafamily.html?factsheet=Cymodoceaceae&volumeno=7,https://botany.dnp.go.th/eflora/floragenus.html?factsheet=Cymodocea&tdcode=02525,https://botany.dnp.go.th/eflora/floraSpecies.html?tdcode=02526,2025-10-19T23:25:12.368920+00:00,"Cymodocea rotundata Ehrenb. & Hempr, ex Asch.",wfo-0000764885,Cymodocea rotundata Asch. & Schweinf.,candidates_unique
7,Myristicaceae,4. Knema,Knema,4.0,Knema glauca (Blume) Petermann,This is currently accepted.,e-Flora of Thailand,,,https://botany.dnp.go.th/eflora/florafamily.html?factsheet=Myristicaceae&volumeno=7,https://botany.dnp.go.th/eflora/floragenus.html?factsheet=Knema&tdcode=02914,https://botany.dnp.go.th/eflora/floraspecies.html?tdcode=02923,2025-10-19T23:57:23.216252+00:00,Knema glauca (Blume) Petermann,wfo-0000356973,Knema glauca (Blume) Warb.,candidates_unique
7,Myristicaceae,4. Knema,Knema,4.0,Knema sp.,This is currently accepted.,e-Flora of Thailand,,,https://botany.dnp.go.th/eflora/florafamily.html?factsheet=Myristicaceae&volumeno=7,https://botany.dnp.go.th/eflora/floragenus.html?factsheet=Knema&tdcode=02914,https://botany.dnp.go.th/eflora/floraspecies.html?tdcode=02939,2025-10-19T23:57:25.945139+00:00,Knema sp.,wfo-4000020090,Knema Lour.,candidates_unique
8,Euphorbiaceae,37. Euphorbia,Euphorbia,37.0,Euphorbia sp.,This is currently accepted.,PENINSULAR: Trang (Bangsak).,,"In rocky limestone hill, sea level. Flowering: February; fruiting: February, April.",https://botany.dnp.go.th/eflora/florafamily.html?factsheet=Euphorbiaceae&volumeno=8,https://botany.dnp.go.th/eflora/floragenus.html?factsheet=Euphorbia&tdcode=03365,https://botany.dnp.go.th/eflora/floraspecies.html?tdcode=03386,2025-10-20T00:08:17.786704+00:00,Euphorbia sp.,wfo-4000014224,Euphorbia L.,candidates_unique
8,Euphorbiaceae,37. Euphorbia,Euphorbia,37.0,Euphorbia cotinifolia subsp. cotinoides (Miq.) Christenhusz,This is currently accepted.,e-Flora of Thailand,Typical,,https://botany.dnp.go.th/eflora/florafamily.html?factsheet=Euphorbiaceae&volumeno=8,https://botany.dnp.go.th/eflora/floragenus.html?factsheet=Euphorbia&tdcode=03365,https://botany.dnp.go.th/eflora/floraspecies.html?tdcode=03387,2025-10-20T00:08:47.023914+00:00,Euphorbia cotinifolia subsp. cotinoides (Miq.) Christenhusz,wfo-0000416308,Euphorbia cotinifolia subsp. cotinoides (Miq.) Christenh.,candidates_unique
8,Euphorbiaceae,29. Croton,Croton,29.0,Croton sp. 1.,This is currently accepted.,"NORTHERN: Chiang Mai (Doi Chiang Dao, Samoeng), Tak (Mae Moi); NORTH-EASTERN: Phetchabun (Thung Salaeng Luang), Loei (Phu Ruea).",Laos.,"In forests, further details not reported, 500–1,400 m alt. Flowering: December–March.",https://botany.dnp.go.th/eflora/florafamily.html?factsheet=Euphorbiaceae&volumeno=8,https://botany.dnp.go.th/eflora/floragenus.html?factsheet=Croton&tdcode=03297,https://botany.dnp.go.th/eflora/floraspecies.html?tdcode=03327,2025-10-20T00:11:37.496268+00:00,Croton sp. 1.,wfo-4000009788,Croton L.,candidates_unique
8,Euphorbiaceae,43. Hevea,Hevea,43.0,Hevea brasiliensis (Kunth) Müll.Arg.,This is currently accepted.,"Cultivated in plantations, mainly in the South-Eastern and Peninsular. Reported 'wild' (escaped) for; SOUTH-EASTERN: Chanthaburi (Pong Nam Ron), Trat (Ko Chang); PENINSULAR: Trang (Ban Nam Phrai), Satun (Kuan Sato, Tapan Lek), Narathiwat (Waeng).","Originally from Amazonian S America (Brazil – type), presently cultivated world-wide in the tropics.","Reported wild and common in evergreen forests, probably because plantations have been abandoned, in fact only known from cultivation, once reported from limestone, 0–200 m alt.",https://botany.dnp.go.th/eflora/florafamily.html?factsheet=Euphorbiaceae&volumeno=8,https://botany.dnp.go.th/eflora/floragenus.html?factsheet=Hevea&tdcode=03431,https://botany.dnp.go.th/eflora/floraSpecies.html?tdcode=03432,2025-10-20T00:13:04.976886+00:00,Hevea brasiliensis (Kunth) Müll.Arg.,wfo-0000982080,Hevea brasiliensis (Willd. ex A.Juss.) Müll.Arg.,candidates_unique
8,Euphorbiaceae,52. Macaranga,Macaranga,52.0,Macaranga triloba (Reinw.ex Blume) Müll.Arg.,This is currently accepted.,"PENINSULAR: Pattani, Narathiwat.","Sumatra (including Bangka), Java (type), Malay Peninsula, Cambodia?, S Vietnam?","Lowlands, up to ca 800 m alt.",https://botany.dnp.go.th/eflora/florafamily.html?factsheet=Euphorbiaceae&volumeno=8,https://botany.dnp.go.th/eflora/floragenus.html?factsheet=Macaranga&tdcode=03454,https://botany.dnp.go.th/eflora/floraspecies.html?tdcode=03478,2025-10-20T00:14:09.980714+00:00,Macaranga triloba (Reinw.ex Blume) Müll.Arg.,wfo-0000232292,Macaranga triloba Müll.Arg.,candidates_unique
9,Lardizabalaceae,Stauntonia,Stauntonia,,Stauntonia brunoniana Wall. ex Hemsl.,This is currently accepted.,"NORTHERN: Chiang Mai, Chiang Rai, Lampang, Phayao, Nan, Mae Hong Son.","NE India (type) Burma, China (Yunnan), N Vietnam.","Mountain forests, 450–1,700 m alt.",https://botany.dnp.go.th/eflora/florafamily.html?factsheet=Lardizabalaceae&volumeno=9,https://botany.dnp.go.th/eflora/floragenus.html?factsheet=Stauntonia&tdcode=03705,https://botany.dnp.go.th/eflora/floraSpecies.html?tdcode=03706,2025-10-20T00:51:12.435256+00:00,Stauntonia brunoniana Wall. ex Hemsl.,wfo-0001264994,Stauntonia brunoniana (Decne.) Wall. ex Hemsl.,candidates_unique
9,Sabiaceae,2. Sabia,Sabia,2.0,Sabia limoniacea Wall.,This is currently accepted.,NORTHERN: Chiang Mai (Mae Rim); EASTERN: Nakhon Ratchasima (Bukanun); SOUTH-EASTERN: Trat (Bo Rai).,"India (type), Bangladesh, Burma, China, Laos, Vietnam, Malay Peninsula, Sumatra, Borneo (Sarawak).","In thickets and primary forests; soil: alluvial, sand with some clay; 300–1,800 m alt.",https://botany.dnp.go.th/eflora/florafamily.html?factsheet=Sabiaceae&volumeno=9,https://botany.dnp.go.th/eflora/floragenus.html?factsheet=Sabia&tdcode=03835,https://botany.dnp.go.th/eflora/floraspecies.html?tdcode=03837,2025-10-20T01:04:01.265584+00:00,Sabia limoniacea Wall.,wfo-0001133478,Sabia limoniacea Wall. ex Hook.f. & Thomson,candidates_unique
9,Fagaceae,1. Castanopsis,Castanopsis,1.0,Castanopsis echidnocarpa (Hook.f. & Thomson ex A.DC.) A.DC.,This is currently accepted.,"NORTHERN: Chiang Mai, Nan, Lampang, Lamphun; NORTH-EASTERN: Loei; EASTERN: Si Sa Ket; SOUTH-WESTERN: Kanchanaburi; PENINSULAR: Chumphon, Surat Thani, Nakhon Si Thammarat, Satun, Songkhla.","Bangladesh, Bhutan, India (Khasi – type), Nepal, Burma, China.","Lower montane rain forests, lower montane rain pine-oak forests, dry evergreen forests, mixed deciduous and dry dipterocarp forests, near streams, 50–1,600 m (most commonly 700–1,200 m). Flowering: April–January (most commonly April–September); fruiting: March–December (most commonly August–October).",https://botany.dnp.go.th/eflora/florafamily.html?factsheet=Fagaceae&volumeno=9,https://botany.dnp.go.th/eflora/floragenus.html?factsheet=Castanopsis&tdcode=03852,https://botany.dnp.go.th/eflora/floraspecies.html?tdcode=03863,2025-10-20T01:06:00.484258+00:00,Castanopsis echidnocarpa (Hook.f. & Thomson ex A.DC.) A.DC.,wfo-0000813607,Castanopsis echidnocarpa A.DC.,candidates_unique
10,Passifloraceae,1. Adenia,Adenia,1.0,Adenia macrophylla (Blume) Koord.,This is currently accepted.,e-Flora of Thailand,,,https://botany.dnp.go.th/eflora/florafamily.html?factsheet=Passifloraceae&volumeno=10,https://botany.dnp.go.th/eflora/floragenus.html?factsheet=Adenia&tdcode=04271,https://botany.dnp.go.th/eflora/floraspecies.html?tdcode=04284,2025-10-20T01:41:01.571139+00:00,Adenia macrophylla (Blume) Koord.,wfo-0000520030,Adenia macrophylla Koord.,candidates_unique
10,Anacardiaceae,7. Gluta,Gluta,7.0,Gluta elegans (Wall.) Hook.f.,This is currently accepted.,"PENINSULAR: Ranong, Phangnga (Khao Phota Luang Kaeo), Nakhon Si Thammarat; Trang (Khao Chong); Satun (Khuan Pho, Khuan Kalong, Klong Tao, Tarutao).","Peninsular Malaysia (Penang – type), Myanmar.","Common in evergreen forests, up to 600 m alt. Fruiting: July.",https://botany.dnp.go.th/eflora/florafamily.html?factsheet=Anacardiaceae&volumeno=10,https://botany.dnp.go.th/eflora/floragenus.html?factsheet=Gluta&tdcode=04329,https://botany.dnp.go.th/eflora/floraspecies.html?tdcode=04332,2025-10-20T01:43:49.346715+00:00,Gluta elegans (Wall.) Hook.f.,wfo-0000704297,Gluta elegans (Wall.) Kurz,candidates_unique
10,Convolvulaceae,12. Ipomoea,Ipomoea,12.0,Ipomoea aculeata var. mollissima (Zoll.) Hallier f. ex Ooststr.,This is currently accepted.,"EASTERN: Nakhon Ratchasima, Buri Ram; CENTRAL: Saraburi.","Bangladesh, Myanmar, China (Hainan), Vietnam, Indonesia (type, Java), the Philippines, Australia.","Moist clearings in forests, 350–400 m alt. Flowering: August, October, November.",https://botany.dnp.go.th/eflora/florafamily.html?factsheet=Convolvulaceae&volumeno=10,https://botany.dnp.go.th/eflora/floragenus.html?factsheet=Ipomoea&tdcode=04468,https://botany.dnp.go.th/eflora/floraspecies.html?tdcode=04469,2025-10-20T01:51:28.882211+00:00,Ipomoea aculeata var. mollissima (Zoll.) Hallier f. ex Ooststr.,wfo-0001299115,Ipomoea aculeata var. mollissima (Zoll.) Ooststr.,candidates_unique
10,Convolvulaceae,12. Ipomoea,Ipomoea,12.0,Ipomoea coptica (L.) Roth ex Roem. & Schult.,This is currently accepted.,"NORTH-EASTERN: Maha Sarakham, Khon Kaen; SOUTH-WESTERN: Prachuap Khiri Khan.","Africa (type in the Linnaean Herbarium, provenance unknown), Sri Lanka, India, Australia.","In sunny, often salty soils near the seacoast or in inland saline situations, <5 m alt. Flowering: March, November; fruiting: March, September, November.",https://botany.dnp.go.th/eflora/florafamily.html?factsheet=Convolvulaceae&volumeno=10,https://botany.dnp.go.th/eflora/floragenus.html?factsheet=Ipomoea&tdcode=04468,https://botany.dnp.go.th/eflora/floraspecies.html?tdcode=04479,2025-10-20T01:51:46.288698+00:00,Ipomoea coptica (L.) Roth ex Roem. & Schult.,wfo-0001296665,Ipomoea coptica (L.) Roth,candidates_unique
10,Moraceae,10. Streblus,Streblus,10.0,Streblus taxoides (Heyne ex Roth) Kurz,This is currently accepted.,"NORTHERN: Lampang; NORTH-EASTERN: Nakhon Phanom; EASTERN: Nakhon Ratchasima; SOUTH-WESTERN: Kanchanaburi; CENTRAL: Saraburi; SOUTH-EASTERN: Prachin Buri, Chon Buri; PENINSULAR: Chumphon, Surat Thani, Phangnga, Phuket, Nakhon Si Thammarat, Satun, Songkhla, Pattani, Yala, Narathiwat.","Sri Lanka, India (type), Bhutan, Burma, S China, Vietnam, Laos, Cambodia, Peninsular Malaysia, Indonesia (Java, Sulawesi, Lesser Sunda Islands), the Philippines.","Mixed deciduous, dry evergreen and evergreen forests, also on limestone and open scrub, at low altitudes.",https://botany.dnp.go.th/eflora/florafamily.html?factsheet=Moraceae&volumeno=10,https://botany.dnp.go.th/eflora/floragenus.html?factsheet=Streblus&tdcode=04725,https://botany.dnp.go.th/eflora/floraspecies.html?tdcode=04731,2025-10-20T02:12:47.331184+00:00,Streblus taxoides (Heyne ex Roth) Kurz,wfo-0001245171,Streblus taxoides (B.Heyne ex Roth) Kurz,candidates_unique
10,Moraceae,8. Parartocarpus,Parartocarpus,8.0,Parartocarpus venenosus (Zoll. & Moritzi) Becc.,This is currently accepted.,"PENINSULAR: Surat Thani (Ko Pha-ngan), Satun, Narathiwat.","Peninsular and Bornean Malaysia, Singapore, Indonesia (Sumatra, Java – type, Kalimantan, Sulawesi, Papua), the Philippines, Papua New Guinea, Solomon Islands.","Evergreen forests, at low altitudes.",https://botany.dnp.go.th/eflora/florafamily.html?factsheet=Moraceae&volumeno=10,https://botany.dnp.go.th/eflora/floragenus.html?factsheet=Parartocarpus&tdcode=04720,https://botany.dnp.go.th/eflora/floraspecies.html?tdcode=04722,2025-10-20T02:13:28.029246+00:00,Parartocarpus venenosus (Zoll. & Moritzi) Becc.,wfo-0000473909,Parartocarpus venenosus Becc.,candidates_unique
11,Monimiaceae,Kibara,Kibara,,Kibara coriacea (Blume) Tul.,This is currently accepted.,PENINSULAR: Phatthalung.,From Thailand and Peninsular Malaysia to New Guinea.,"Lowland evergreen forests, including swamp forests and coral limestone, soil over limestone, sea level to 500 m (140 m in Thailand).",https://botany.dnp.go.th/eflora/florafamily.html?factsheet=Monimiaceae&volumeno=11,https://botany.dnp.go.th/eflora/floragenus.html?factsheet=Kibara&tdcode=04786,https://botany.dnp.go.th/eflora/floraSpecies.html?tdcode=04787,2025-10-20T02:19:47.481527+00:00,Kibara coriacea (Blume) Tul.,wfo-0001284552,Kibara coriacea (Blume) Hook.f. & Thomson,candidates_unique
11,Ranunculaceae,2. Clematis,Clematis,2.0,Clematis sikkimensis (Hook.f. & Thomson) Drumm. ex Burkill,This is currently accepted.,NORTHERN: Chiang Mai (Doi Suthep – type of Clematis siamensis ).,"Himalayas, India, Assam (Sikkim – type), Myanmar.","Climbing on bushes, or at forests edges, 700–2,500 m alt. Flowering: November–March; fruiting: January–March, but seasons sometimes not exactly fixed.",https://botany.dnp.go.th/eflora/florafamily.html?factsheet=Ranunculaceae&volumeno=11,https://botany.dnp.go.th/eflora/floragenus.html?factsheet=Clematis&tdcode=04791,https://botany.dnp.go.th/eflora/floraspecies.html?tdcode=04793,2025-10-20T02:20:46.648824+00:00,Clematis sikkimensis (Hook.f. & Thomson) Drumm. ex Burkill,wfo-0000610648,Clematis sikkimensis J.R.Drumm. ex Burkill,candidates_unique
11,Ranunculaceae,5. Thalictrum,Thalictrum,5.0,Thalictrum siamense T.Shimizu,This is currently accepted.,NORTHERN: Chiang Mai (Doi Chiang Dao – type).,Endemic in N Thailand.,"In grassy places or in crevices in limestone rock on open ridges, from 1,800–2,200 m alt. Flowering and fruiting: July–November. Rare plant endemic on Doi Chiang Dao.",https://botany.dnp.go.th/eflora/florafamily.html?factsheet=Ranunculaceae&volumeno=11,https://botany.dnp.go.th/eflora/floragenus.html?factsheet=Thalictrum&tdcode=04812,https://botany.dnp.go.th/eflora/floraspecies.html?tdcode=04816,2025-10-20T02:22:30.381041+00:00,Thalictrum siamense T.Shimizu,wfo-0000454099,Thalictrum siamense Shimizu,candidates_unique
11,Araceae,4. Amorphophallus,Amorphophallus,4.0,Amorphophallus scutatus Hett. & T.C.Chapman,This is currently accepted.,"NORTH-EASTERN: Phetchabun (type: Chapman s.n. cult. sub. Hetterscheid H.AM. 589-T, holotype -L); CENTRAL: Saraburi.",Endemic.,Not recorded.,https://botany.dnp.go.th/eflora/florafamily.html?factsheet=Araceae&volumeno=11,https://botany.dnp.go.th/eflora/floragenus.html?factsheet=Amorphophallus&tdcode=04861,https://botany.dnp.go.th/eflora/floraspecies.html?tdcode=04906,2025-10-20T02:30:13.615378+00:00,Amorphophallus scutatus Hett. & T.C.Chapman,wfo-0000965534,Amorphophallus scutatus Hett. & T.C.Chapm.,candidates_unique
11,Araceae,4. Amorphophallus,Amorphophallus,4.0,Amorphophallus cruddasianus Prain ex Engl.,This is currently accepted.,SOUTH-WESTERN: Kanchanaburi.,Myanmar (type).,None recorded.,https://botany.dnp.go.th/eflora/florafamily.html?factsheet=Araceae&volumeno=11,https://botany.dnp.go.th/eflora/floragenus.html?factsheet=Amorphophallus&tdcode=04861,https://botany.dnp.go.th/eflora/floraspecies.html?tdcode=04875,2025-10-20T02:30:39.539442+00:00,Amorphophallus cruddasianus Prain ex Engl.,wfo-0000963737,Amorphophallus cruddasianus Prain,candidates_unique
11,Araceae,11. Cryptocoryne,Cryptocoryne,11.0,Cryptocoryne affinis Hook.f.,This is currently accepted.,PENINSULAR: Yala.,"Peninsular Malaysia (Selangor, Pahang, Kelatantan, Perak – type, Kedah).","Mostly on sandy to stony, but also muddy bottoms in rather fast-running streams or rivers. At low water level, specimens emerged on sandbanks have smaller, crumpled, green leaves, while submerged specimens are larger with brownish purple leaves. The plants often occur in large numbers.",https://botany.dnp.go.th/eflora/florafamily.html?factsheet=Araceae&volumeno=11,https://botany.dnp.go.th/eflora/floragenus.html?factsheet=Cryptocoryne&tdcode=04960,https://botany.dnp.go.th/eflora/floraspecies.html?tdcode=04961,2025-10-20T02:36:35.024251+00:00,Cryptocoryne affinis Hook.f.,wfo-0000933162,Cryptocoryne affinis N.E.Br.,candidates_unique
11,Araceae,1. Aglaodorum,Aglaodorum,1.0,Aglaodorum griffithii Schott,This is currently accepted.,PENINSULAR: Narathiwat.,"S Cambodia and S Vietnam, south and west through Peninsular Malaysia (type) and Sumatra, and east to N Borneo.",Freshwater intertidal mud at sea level or a little above.,https://botany.dnp.go.th/eflora/florafamily.html?factsheet=Araceae&volumeno=11,https://botany.dnp.go.th/eflora/floragenus.html?factsheet=Aglaodorum&tdcode=04836,https://botany.dnp.go.th/eflora/floraSpecies.html?tdcode=04837,2025-10-20T02:37:20.193562+00:00,Aglaodorum griffithii Schott,wfo-0000914792,Aglaodorum griffithii (Schott) Schott,candidates_unique
11,Araceae,2. Aglaonema,Aglaonema,2.0,Aglaonema simplex (Blume) Blume,This is currently accepted.,"NORTHERN: Chiang Mai, Nan, Lampang; NORTH-EASTERN: Loei, Sakon Nakhon; EASTERN: Nakhon Ratchasima, Si Sa Ket; SOUTH-WESTERN: Kanchanaburi, Prachuap Khiri Khan; CENTRAL: Suphan Buri, Sara Buri, Nakhon Nayok; SOUTH-EASTERN: Sa Kaeo, Chon Buri, Rayong, Chanthaburi, Trat; PENINSULAR: Chumphon, Ranong, Surat Thani, Phangnga, Krabi, Nakhon Si Thammarat, Trang, Songkhla, Pattani, Narathiwat.","India (Nicobar Islands) to W Maluku, SW China to Java.","Evergreen forests, secondary forests, peat swamp forests, beach forests, occasionally on limestone or granite. 0–700 m alt.",https://botany.dnp.go.th/eflora/florafamily.html?factsheet=Araceae&volumeno=11,https://botany.dnp.go.th/eflora/floragenus.html?factsheet=Aglaonema&tdcode=04838,https://botany.dnp.go.th/eflora/floraspecies.html?tdcode=04847,2025-10-20T02:37:51.048231+00:00,Aglaonema simplex (Blume) Blume,wfo-0000924583,Aglaonema simplex Blume,candidates_unique
11,Araceae,3. Alocasia,Alocasia,3.0,Alocasia fornicata (Roxb.) Schott,This is currently accepted.,SOUTH-EASTERN: Chanthaburi.,"NE India (Meghalaya: Khasia – type), N Myanmar.","Primary and secondary humid evergreen to seasonal evergreen forests, riverbanks; below 1,000 m alt.",https://botany.dnp.go.th/eflora/florafamily.html?factsheet=Araceae&volumeno=11,https://botany.dnp.go.th/eflora/floragenus.html?factsheet=Alocasia&tdcode=04848,https://botany.dnp.go.th/eflora/floraspecies.html?tdcode=04851,2025-10-20T18:55:16.541032+00:00,Alocasia fornicata (Roxb.) Schott,wfo-0000949005,Alocasia fornicata (Kunth) Schott,candidates_unique
11,Araceae,3. Alocasia,Alocasia,3.0,Alocasia odora (Lindl.) K.Koch,This is currently accepted.,SOUTH-WESTERN: Kanchanaburi; PENINSULAR: Phuket.,"India (Assam) SW China, through Myanmar (type), Laos, and south as far as SW Cambodia and east to Japan (Ryukyus).","Primary and secondary tropical rain forests, bamboo-thickets, riverbanks, swamps, sometimes on limestone; below 1,700 m alt.",https://botany.dnp.go.th/eflora/florafamily.html?factsheet=Araceae&volumeno=11,https://botany.dnp.go.th/eflora/floragenus.html?factsheet=Alocasia&tdcode=04848,https://botany.dnp.go.th/eflora/floraspecies.html?tdcode=04857,2025-10-20T18:55:19.495567+00:00,Alocasia odora (Lindl.) K.Koch,wfo-0000949660,Alocasia odora (G.Lodd.) Spach,candidates_unique
11,Araceae,25. Steudnera,Steudnera,25.0,Steudnera discolor W.Bull,This is currently accepted.,NORTHERN: Chiang Rai.,"NE India, Bangladesh, Myanmar.",Seasonally moist lowland forests.,https://botany.dnp.go.th/eflora/florafamily.html?factsheet=Araceae&volumeno=11,https://botany.dnp.go.th/eflora/floragenus.html?factsheet=Steudnera&tdcode=05049,https://botany.dnp.go.th/eflora/floraspecies.html?tdcode=05051,2025-10-20T18:56:31.026002+00:00,Steudnera discolor W.Bull,wfo-0000316762,Steudnera discolor W.Bull ex T.Moore & Mast.,candidates_unique
11,Araceae,7. Apoballis,Apoballis,7.0,Apoballis mutata (Scort. ex Hook.f.) S.Y.Wong & P.C.Boyce.,This is currently accepted.,"NORTHERN: Mae Hong Son; Chiang Rai, Tak; SOUTH-EASTERN: Chanthaburi; PENINSULAR: Phangnga, Phuket, Krabi, Yala.","Myanmar, Peninsular Malaysia (type and types of","Lowland perhumid forests to lower montane forests; sometimes on limestone in wet places; robust forms particularly found in disturbed habitats and along stream banks; to 1,500 m alt.",https://botany.dnp.go.th/eflora/florafamily.html?factsheet=Araceae&volumeno=11,https://botany.dnp.go.th/eflora/floragenus.html?factsheet=Apoballis&tdcode=04928,https://botany.dnp.go.th/eflora/floraspecies.html?tdcode=04930,2025-10-20T19:00:43.556535+00:00,Apoballis mutata (Scort. ex Hook.f.) S.Y.Wong & P.C.Boyce.,wfo-0000916123,Apoballis mutata (Scort. ex Hook.f.) S.Y.Wong & P.C.Boyce,candidates_unique
12,Orchidaceae,15. Habenaria,Habenaria,15.0,Habenaria corymbosa E.C.Parish & Rchb.f.,This is currently accepted.,"NORTHERN: Chiang Mai, Nan, Lampang, Tak; NORTH-EASTERN: Loei; SOUTH-WESTERN: Ratchaburi.",Myanmar (type).,"In evergreen forests over granite and limestone, often growing near streams, also reported in rock crevices; 600–1,900 m alt. Flowering: mainly January–May and July.",https://botany.dnp.go.th/eflora/florafamily.html?factsheet=Orchidaceae&volumeno=12,https://botany.dnp.go.th/eflora/floragenus.html?factsheet=Habenaria&tdcode=05537,https://botany.dnp.go.th/eflora/floraspecies.html?tdcode=05547,2025-10-20T19:38:49.813416+00:00,Habenaria corymbosa E.C.Parish & Rchb.f.,wfo-0000977402,Habenaria corymbosa C.S.P.Parish & Rchb.f.,candidates_unique
12,Orchidaceae,15. Habenaria,Habenaria,15.0,Habenaria chlorina E.C.Parish & Rchb.f.,This is currently accepted.,"NORTHERN: Mae Hong Son, Chiang Mai, Lamphun, Phrae, Sukhothai; NORTH-EASTERN: Phetchabun, Loei, Nong Khai, Sakon Nakhon.","Myanmar (type), Laos.","In humid or dry dipterocarp, oak or pine forests over granite, also in grassy forests clearings; 350–1,300 m alt. Flowering: mainly August and September.",https://botany.dnp.go.th/eflora/florafamily.html?factsheet=Orchidaceae&volumeno=12,https://botany.dnp.go.th/eflora/floragenus.html?factsheet=Habenaria&tdcode=05537,https://botany.dnp.go.th/eflora/floraspecies.html?tdcode=05544,2025-10-20T19:39:34.198499+00:00,Habenaria chlorina E.C.Parish & Rchb.f.,wfo-0000977334,Habenaria chlorina C.S.P.Parish & Rchb.f.,candidates_unique
12,Orchidaceae,15. Habenaria,Habenaria,15.0,Habenaria vidua E.C.Parish & Rchb.f.,This is currently accepted.,"NORTHERN: Mae Hong Son, Chiang Mai, Chiang Rai, Nan, Tak; SOUTH WESTERN: Kanchanaburi.",Myanmar (type).,"In limestone crevices in full sun or partial shade in evergreen or deciduous forests and on mountain summits; 740–1,800 m alt. Flowering: June–September.",https://botany.dnp.go.th/eflora/florafamily.html?factsheet=Orchidaceae&volumeno=12,https://botany.dnp.go.th/eflora/floragenus.html?factsheet=Habenaria&tdcode=05537,https://botany.dnp.go.th/eflora/floraspecies.html?tdcode=05583,2025-10-20T19:39:47.985445+00:00,Habenaria vidua E.C.Parish & Rchb.f.,wfo-0000978925,Habenaria vidua C.S.P.Parish & Rchb.f.,candidates_unique
12,Orchidaceae,15. Habenaria,Habenaria,15.0,Habenaria carnea Weathers,This is currently accepted.,"PENINSULAR: Surat Thani, Phangnga, Phuket (fide Seidenf., Dansk Bot. Ark. 31(3): 137, 1977), Nakhon Si Thammarat, Trang, Satun.",Peninsular Malaysia (Pulau Langkawi – type).,"On limestone rocks in evergreen forests, mostly at low altitudes. Flowering: mainly July–September.",https://botany.dnp.go.th/eflora/florafamily.html?factsheet=Orchidaceae&volumeno=12,https://botany.dnp.go.th/eflora/floragenus.html?factsheet=Habenaria&tdcode=05537,https://botany.dnp.go.th/eflora/floraspecies.html?tdcode=05543,2025-10-20T19:40:38.293528+00:00,Habenaria carnea Weathers,wfo-0000977310,Habenaria carnea Gower,candidates_unique
12,Orchidaceae,16. Hemipilia,Hemipilia,16.0,Hemipilia calophylla E.C.Parish & Rchb.f.,This is currently accepted.,"NORTHERN: Chiang Mai (Doi Chiang Dao), Chiang Rai (Doi Tung), Tak; SOUTH-WESTERN: Kanchanaburi.","Myanmar (type), Yunnan, Vietnam.","Crevices of limestone cliffs in hill evergreen forests, seasonal evergreen forests and bamboo thickets; 640–1,700 m alt. Flowering: July–August(–October).",https://botany.dnp.go.th/eflora/florafamily.html?factsheet=Orchidaceae&volumeno=12,https://botany.dnp.go.th/eflora/floragenus.html?factsheet=Hemipilia&tdcode=05585,https://botany.dnp.go.th/eflora/floraSpecies.html?tdcode=05586,2025-10-20T19:43:02.969084+00:00,Hemipilia calophylla E.C.Parish & Rchb.f.,wfo-0000981374,Hemipilia calophylla C.S.P.Parish & Rchb.f.,candidates_unique
12,Orchidaceae,2. Anoectochilus,Anoectochilus,2.0,Anoectochilus albolineatus E.C.Parish & Rchb.f.,This is currently accepted.,"NORTHERN: Mae Hong Son (Ban Huai Pong), Chiang Mai, Nan (Doi Phu Kha), Phitsanulok; SOUTH-WESTERN: Phetchaburi (Kaeng Krachan); CENTRAL: Nakhon Nayok (Khao Yai); PENINSULAR: Ranong (Khao Phota Luang Kaeo).","Myanmar (type), Vietnam.","Shaded humus-rich ground in seasonal evergreen forests and hill evergreen forests on granite or sandstone bedrock: 700–1,850 m alt. Flowering: October–February (one flowering collection from July).",https://botany.dnp.go.th/eflora/florafamily.html?factsheet=Orchidaceae&volumeno=12,https://botany.dnp.go.th/eflora/floragenus.html?factsheet=Anoectochilus&tdcode=05484,https://botany.dnp.go.th/eflora/floraspecies.html?tdcode=05485,2025-10-20T19:46:16.217839+00:00,Anoectochilus albolineatus E.C.Parish & Rchb.f.,wfo-0000216310,Anoectochilus albolineatus C.S.P.Parish & Rchb.f.,candidates_unique
12,Orchidaceae,19. Hetaeria,Hetaeria,19.0,Hetaeria anomala (Lindl.) Rchb.f.,This is currently accepted.,"NORTHERN: Phitsanulok (Thung Salaeng Luang); PENINSULAR: Ranong (Khao Phota Luang Kaeo), Satun (Khao Keo).","NE India (type), Myanmar, Vietnam, Hainan, Taiwan, Peninsular Malaysia, Sumatra, Borneo, Sulawesi, the Philippines.","Hill evergreen forests; ca 1,100 m alt. Flowering: February–March.",https://botany.dnp.go.th/eflora/florafamily.html?factsheet=Orchidaceae&volumeno=12,https://botany.dnp.go.th/eflora/floragenus.html?factsheet=Hetaeria&tdcode=05592,https://botany.dnp.go.th/eflora/floraspecies.html?tdcode=05595,2025-10-20T19:48:17.670736+00:00,Hetaeria anomala (Lindl.) Rchb.f.,wfo-0000981823,Hetaeria anomala Lindl.,candidates_unique
12,Orchidaceae,19. Hetaeria,Hetaeria,19.0,Hetaeria affinis (Griff.) Seidenf & Ormerod,This is currently accepted.,"NORTHERN: Chiang Rai (Khunkorn Falls), Nan (Tham Sakoen), Tak (90 km S of Tak), Phitsanulok (Rom Klao); SOUTH-EASTERN: Chanthaburi (Khao Soi Dao).","Bhutan, NE India (type), Myanmar, S China, Vietnam.","Seasonal evergreen forests and hill evergreen forests on limestone or granite bedrock; 650–1,050 m alt. Flowering: recorded in December–January and March.",https://botany.dnp.go.th/eflora/florafamily.html?factsheet=Orchidaceae&volumeno=12,https://botany.dnp.go.th/eflora/floragenus.html?factsheet=Hetaeria&tdcode=05592,https://botany.dnp.go.th/eflora/floraspecies.html?tdcode=05593,2025-10-20T19:48:25.615107+00:00,Hetaeria affinis (Griff.) Seidenf & Ormerod,wfo-0000981817,Hetaeria affinis (Griff.) Seidenf. & Ormerod,candidates_unique
12,Orchidaceae,30. Rhomboda,Rhomboda,30.0,Rhomboda moulmeinensis (E.C.Parish & Rchb.f.) Ormerod,This is currently accepted.,"NORTHERN: Chiang Mai, Nan (Doi Phu Kha).","SE Tibet, S China, Myanmar (type).","Shaded humus-rich ground in hill evergreen forests: 1,500–2,000 m alt. Flowering: August–October.",https://botany.dnp.go.th/eflora/florafamily.html?factsheet=Orchidaceae&volumeno=12,https://botany.dnp.go.th/eflora/floragenus.html?factsheet=Rhomboda&tdcode=05672,https://botany.dnp.go.th/eflora/floraspecies.html?tdcode=05675,2025-10-20T19:50:18.417699+00:00,Rhomboda moulmeinensis (E.C.Parish & Rchb.f.) Ormerod,wfo-0000296473,Rhomboda moulmeinensis (C.S.P.Parish & Rchb.f.) Ormerod,candidates_unique
12,Orchidaceae,36. Zeuxine,Zeuxine,36.0,Zeuxine nervosa (Wall. ex Lindl.) Benth. ex C.B.Clarke,This is currently accepted.,"NORTHERN: Nan (Mae Sakhon), Phitsanulok (Thung Salaeng Luang); NORTH-EASTERN: Phetchabun (Khao Huai Khae); EASTERN: Nakhon Ratchasima (Khao Yai); SOUTH-WESTERN: Kanchanaburi (Song Thao); CENTRAL: Nakhon Nayok (Khao Yai); SOUTH-EASTERN: Chon Buri (Si Racha), Trat; PENINSULAR: Ranong (Khao Phota Luang Kaeo), Nakhon Si Thammarat (Ban Ko).","Nepal, Bhutan, NE India (type), Bangladesh, Yunnan, Vietnam, the Philippines, Taiwan, Ryukyus.","Humus-rich ground in tropical rain forests, hill evergreen forests and seasonal evergreen forests; 20–1,400 m alt. Flowering: September–March (but mainly in January–February).",https://botany.dnp.go.th/eflora/florafamily.html?factsheet=Orchidaceae&volumeno=12,https://botany.dnp.go.th/eflora/floragenus.html?factsheet=Zeuxine&tdcode=05695,https://botany.dnp.go.th/eflora/floraspecies.html?tdcode=05702,2025-10-20T19:50:44.520661+00:00,Zeuxine nervosa (Wall. ex Lindl.) Benth. ex C.B.Clarke,wfo-0000335342,Zeuxine nervosa (Wall. ex Lindl.) Benth. ex Trimen,candidates_unique
12,Orchidaceae,36. Zeuxine,Zeuxine,36.0,Zeuxine flava (Wall. ex Lindl.) Benth. ex Hook.f.,This is currently accepted.,"NORTHERN: Mae Hong Son (Ban Na Pa Pack), Chiang Mai, Nan (Hui Sala), Tak, Phitsanulok (Thung Salaeng Luang); NORTH-EASTERN: Loei; SOUTH-WESTERN: Uthai Thani (Huai Kha Kaeng), Kanchanaburi (Sangkhla Buri), Prachuap Khiri Khan.","W Himalaya, Nepal (type), Bhutan, NE India, Myanmar, Yunnan, Vietnam.","Seasonal evergreen forests, hill evergreen forests and in the transition zone to mixed deciduous forests on granite, sandstone or limestone bedrock; 200–1,650 m alt. Flowering: February–March.",https://botany.dnp.go.th/eflora/florafamily.html?factsheet=Orchidaceae&volumeno=12,https://botany.dnp.go.th/eflora/floragenus.html?factsheet=Zeuxine&tdcode=05695,https://botany.dnp.go.th/eflora/floraspecies.html?tdcode=05699,2025-10-20T19:50:55.777768+00:00,Zeuxine flava (Wall. ex Lindl.) Benth. ex Hook.f.,wfo-0000335291,Zeuxine flava (Wall. ex Lindl.) Trimen,candidates_unique
13,Juglandaceae,2. Engelhardia,Engelhardia,2.0,Engelhardia spicata Lesch. ex Blume,This is currently accepted.,e-Flora of Thailand,,,https://botany.dnp.go.th/eflora/florafamily.html?factsheet=Juglandaceae&volumeno=13,https://botany.dnp.go.th/eflora/floragenus.html?factsheet=Engelhardia&tdcode=06579,https://botany.dnp.go.th/eflora/floraspecies.html?tdcode=06584,2025-10-20T21:21:36.557538+00:00,Engelhardia spicata Lesch. ex Blume,wfo-0000667948,Engelhardia spicata Lechen ex Blume,candidates_unique
13,Polyosmaceae,Polyosma,Polyosma,,Polyosma sp.,This is currently accepted.,"NORTH-EASTERN: Loei (Phu Kradueng, Wang Saphung); CENTRAL: Nakhon Nayok (Khao Yai).","Indochina, China.","In primary seasonal evergreen forests, along streams, found over sandstone, 800–1,250 m alt. Flowering: January, March–May; fruiting: October, November. The flowers are scented.",https://botany.dnp.go.th/eflora/florafamily.html?factsheet=Polyosmaceae&volumeno=13,https://botany.dnp.go.th/eflora/floragenus.html?factsheet=Polyosma&tdcode=06609,https://botany.dnp.go.th/eflora/floraspecies.html?tdcode=06614,2025-10-20T21:24:37.210065+00:00,Polyosma sp.,wfo-4000030761,Polyosma Blume,candidates_unique
14,Dichapetalaceae,Dichapetalum,Dichapetalum,,Dichapetalum sp. 1,This is currently accepted.,PENINSULAR: Nakhon Si Thammarat (Khao Luang).,Endemic.,"Wet evergreen forests, ca 750 m alt.",https://botany.dnp.go.th/eflora/florafamily.html?factsheet=Dichapetalaceae&volumeno=14,https://botany.dnp.go.th/eflora/floragenus.html?factsheet=Dichapetalum&tdcode=06748,https://botany.dnp.go.th/eflora/floraspecies.html?tdcode=06754,2025-10-20T21:37:07.149762+00:00,Dichapetalum sp. 1,wfo-4000011405,Dichapetalum Thouars,candidates_unique
14,Malvaceae,1. Abelmoschus,Abelmoschus,1.0,Abelmoschus manihot (L.) Medik. var. pungens (Roxb.) Hochr.,This is currently accepted.,"NORTHERN: Mae Hong Son (Khun Yuam, Mae Sariang), Chiang Mai (Chiang Dao, Mae Chaem), Chiang Rai, Tak (Mae Ramat); NORTH-EASTERN: Sakon Nakhon, Loei; SOUTH-WESTERN: Kanchanaburi.","India to S China, Malesia.","Cultivated, sometimes escaping from cultivation, often found in wet sandy soil, edges of mixed deciduous forests, limestone, roadsides, 400–1,500 m alt. Flowering and fruiting: September–December.",https://botany.dnp.go.th/eflora/florafamily.html?factsheet=Malvaceae&volumeno=14,https://botany.dnp.go.th/eflora/floragenus.html?factsheet=Abelmoschus&tdcode=07022,https://botany.dnp.go.th/eflora/floraspecies.html?tdcode=07026,2025-10-20T22:01:55.431146+00:00,Abelmoschus manihot (L.) Medik. var. pungens (Roxb.) Hochr.,wfo-0000510878,Abelmoschus manihot (L.) Medik.,candidates_unique
14,Lecythidaceae,1. Barringtonia,Barringtonia,1.0,Barringtonia acutangula (L.) Gaertn.,This is currently accepted.,e-Flora of Thailand,,,https://botany.dnp.go.th/eflora/florafamily.html?factsheet=Lecythidaceae&volumeno=14,https://botany.dnp.go.th/eflora/floragenus.html?factsheet=Barringtonia&tdcode=07253,https://botany.dnp.go.th/eflora/floraSpecies.html?tdcode=07254,2025-10-20T22:20:38.859660+00:00,Barringtonia acutangula (L.) Gaertn.,wfo-0000774811,Barringtonia acutangula Gaertn.,candidates_unique
